,0
0,\17_FMD4_NS6_EyS5_EaS1_LS6.jpg
1,\16_FMD4_NS5_EyS3_EaS6_LS2.jpg
2,\15_FMD4_NS5_EyS3_EaS2_LS6.jpg
3,\22_FMD5_NS6_EyS4_EaS4_LS8.jpg
4,\1_FMD1_NS3_EyS2_EaS0_LS4.jpg
5,\4_FMD2_NS3_EyS3_EaS4_LS2.jpg
6,\26_FMD7_NS6_EyS5_EaS4_LS5.jpg
7,\10_FMD3_NS7_EyS6_EaS0_LS9.jpg
8,\19_FMD5_NS4_EyS3_EaS4_LS1.jpg
9,\18_FMD4_NS8_EyS6_EaS0_LS10.jpg
10,\21_FMD5_NS5_EyS6_EaS7_LS1.jpg
11,\8_FMD3_NS5_EyS6_EaS6_LS0.jpg
12,\23_FMD5_NS7_EyS3_EaS0_LS5.jpg
13,\12_FMD4_NS2_EyS3_EaS3_LS1.jpg
14,\3_FMD2_NS1_EyS1_EaS6_LS1.jpg
15,\24_FMD6_NS4_EyS3_EaS1_LS7.jpg
16,\13_FMD4_NS3_EyS3_EaS5_LS2.jpg
17,\29_FMD8_NS6_EyS4_EaS1_LS4.jpg
18,\14_FMD4_NS4_EyS4_EaS2_LS0.jpg
19,\11_FMD3_NS10_EyS6_EaS0_LS8.jpg
20,\6_FMD2_NS5_EyS2_EaS5_LS4.jpg
21,\25_FMD6_NS6_EyS7_EaS8_LS3.jpg
22,\27_FMD7_NS10_EyS3_EaS0_LS8.jpg
23,\28_FMD8_NS5_EyS3_EaS2_LS6.jpg
